Location Number,Location Name,Address,City,State,Zip Code,Phone Number,Fax Number,Latitude,Longitude
ABLI,Abraham Lincoln Birthplace National Historical Park,"Abraham Lincoln Birthplace National Historical Park, 2995 Lincoln Farm Road",Hodgenville,Kentucky,42748,(270) 358-3137,(270) 358-3874,37.535671,-85.7340637
ACAD,Acadia National Park,"Acadia National Park, P.O. Box 177",Bar Harbor,ME,04609,(207) 288-3338,(207) 288-8813,44.3385559,-68.2733346
ADAM,Adams National Historical Park,"Adams National Historical Park, 135 Adams Street",Quincy,MA,02169,(617) 770-1175 ,(617) 472-7562,42.256412,-71.011167
AFBG,African Burial Ground National Monument,"African Burial Ground National Monument, 290 Broadway, 1st Floor",New York,NY,10007,(212) 637-2019,(212) 227-2026,40.7150514,-74.0053687
alka,Ala Kahakai National Historic Trail,"Ala Kahakai National Historic Trail, 73-4786 Kanalani Street, #14",Kailua-Kona,Hawaii,96740,,(808) 329-2597,19.689206,-156.021329
alag,Alagnak Wild River,P.O. Box 245,King Salmon,Alaska,99613,,(907) 246-2116,58.756222,-156.51724
alca,Alcatraz Island,,,,,,(415) 705-1050 ,37.8266636,-122.4230122
aleu,Aleutian World War II National Historic Area,"Ounalashka Corporation, P.O. Box 149",Unalaska,AK,99685,(907) 581-1276,,53.8845397,-166.5533823
ALPO,Allegheny Portage Railroad National Historic Site,"Allegheny Portage Railroad National Historic Site, 110 Federal Park Road",Gallitzin,PA,16641,(814) 886-6150 ,(814) 884-0206,40.4692629,-78.5437922
AMME,American Memorial Park,"Superintendent, P.O. Box 5198 CHRB",Saipan,MP,96950,(670) 234-7207 ext. 2020,(670) 234-6698,15.21226,145.724335
AMIS,Amistad National Recreation Area,"Amistad National Recreation Area, 4121 Veterans Blvd.",Del Rio,TX,78840,(830) 775-7491 ,(830) 778-9248,29.4216948,-100.9068262
ande,Andersonville National Historic Site,"Andersonville NHS, 496 Cemetery Road",Andersonville,GA,31711,(229) 924-0343 ,(229) 924-1086,32.197776,-84.129294
ANJO,Andrew Johnson National Historic Site,"Mailing Address - Andrew Johnson NHS, 121 Monument Ave., GPS Location - Andrew Johnson NHS Visitor Center, 101 North College St.",Greeneville,TN,37743,,(423) 798-0754,36.117189,-82.856625
ania,Aniakchak National Monument & Preserve,P.O. Box 245,King Salmon,Alaska,99613,(907) 246-3305 ,(907) 246-2116,58.756222,-156.51724
ANTI,Antietam National Battlefield,"Antietam National Battlefield, P.O. Box 158",Sharpsburg,MD,21782,,(301) 432-4590,39.4798039,-77.7394856
apis,Apostle Islands National Lakeshore,415 Washington Ave,Bayfield,Wisconsin,54814,,(715) 779-3049,46.8122706,-90.8209629
appa,Appalachian National Scenic Trail,"Appalachian National Scenic Trail, P.O. Box 50",Harpers Ferry,WV,25425,,(304) 535-6270,39.27954,-77.785195
ARCH,Arches National Park,"Arches National Park, PO Box 907",Moab,UT,84532,(435) 719-2299 ,(435) 719-2300,38.733081,-109.5925139
arpo,Arkansas Post National Memorial,"Arkansas Post National Memorial, 1741 Old Post Road",Gillett,AR,72055,(870) 548-2207 ,(870) 548-2431,34.0166096,-91.3451369
ASIS,Assateague Island National Seashore,7206 National Seashore Lane,Berlin,MD,21811,(410) 641-1441,,38.249822,-75.1559737
AZRU,Aztec Ruins National Monument,"Visitor Services, #84 County Road 2900",Aztec,New Mexico,87410,(505) 334-6174 ,(505) 334-6372,36.8346019,-107.9960917
BADL,Badlands National Park,"25216 Ben Reifel Road, P.O. Box 6",Interior,South Dakota,57750,,(605) 433-5404,43.716892,-101.892914
BAWA,Baltimore-Washington Parkway,"Baltimore Washington Parkway inc/o Greenbelt Park, 6565 Greenbelt Road",Greenbelt,MD,20770,,(301) 344-3936,38.995757,-76.895521
BAND,Bandelier National Monument,"Superintendent, Bandelier National Monument 15 Entrance Road",Los Alamos,NM,87544,,(505) 672-9607,35.7772999,-106.2687907
beol,Bent's Old Fort National Historic Site,"Bent's Old Fort National Historic Site, 35110 Highway 194 E.",La Junta,CO,81050,(719) 383-5010 ,(719) 383-2129,38.0451225,-103.4336602
bela,Bering Land Bridge National Preserve,"Bering Land Bridge National Preserve, PO Box 220",Nome,AK,99762,(907) 443-2522 ,(907) 443-6139,66.0740832,-164.9347562
BIBE,Big Bend National Park,PO Box 129,Big Bend National Park,TX,79834,(432) 477-2251,(432) 477-1175,29.2166538,-103.2663479
bicy,Big Cypress National Preserve,33100 Tamiami Trail East,Ochopee,Florida,34141,,(239) 695-3901,25.898814,-81.318701
BISO,Big South Fork National River & Recreation Area,"Big South Fork NRRA, 4564 Leatherwood Road",Oneida,Tennessee,37841,(423) 286-7275,(423) 569-5505,36.4701139,-84.6411206
BITH,Big Thicket National Preserve,6044 FM 420,Kountze,TX,77625,,(409) 951-6718,30.404128,-94.415751
BICA,Bighorn Canyon National Recreation Area,"Bighorn Canyon NRA Headquarters, 5 Avenue B, P.O. Box 7458, Fort Smith, MT 59035",Fort Smith,MT,59035,(307) 548-5406 ,(406) 666-2415,45.312493,-107.935565
bisc,Biscayne National Park,"Biscayne National Park, 9700 SW 328 Street",Homestead,FL,33033,(305) 230-7275,(305) 230-1190,25.4631936,-80.3463139
blca,Black Canyon of the Gunnison National Park,"National Park Service, 102 Elk Creek",Gunnison,Colorado,81230,,(970) 641-3127,38.4657461,-107.16668
BLRI,Blue Ridge Parkway,199 Hemphill Knob Road,Asheville,NC,28803,,(828) 271-4313,35.564766,-82.489803
BOHA,Boston Harbor Islands National Recreation Area,"Boston Harbor Islands Partnership, 408 Atlantic Avenue, Suite 228",Boston,MA,02110,(617) 223-8666 ,(617) 223-8671,42.3552589,-71.050518
BOST,Boston National Historical Park,Charlestown Navy Yard,Boston,MA,02129,,(617) 242-6006,42.3747172,-71.0540366
BRCR,Brices Cross Roads National Battlefield Site,"Brices Cross Roads National Battlefield Site, 2680 Natchez Trace Parkway",Tupelo,MS,38804,,(662) 680-4034,34.307545,-88.720974
BRVB,Brown v. Board of Education National Historic Site,1515 SE Monroe Street,Topeka,KS,66612,(785) 354-4273 ,(785) 354-7213,39.037925,-95.676498
BRCA,Bryce Canyon National Park,"Bryce Canyon National Park, PO Box 640201",Bryce,UT,84764-0201 ,(435) 834-5322,(435) 834-4703,37.5965706,-112.1787896
buff,Buffalo National River,"Buffalo National River, 402 N. Walnut, Suite 136",Harrison,AR,72601,(870) 439-2502,(870) 365-2701,36.2331995,-93.1060044
cabr,Cabrillo National Monument,"Cabrillo National Monument, 1800 Cabrillo Memorial Drive",San Diego,CA,92106-3601 ,,(619) 226-6311,32.674287,-117.23963
cali,California National Historic Trail,"National Trails Intermountain Region, 324 South State St.,Suite 200",Salt Lake City,UT,84111,(801) 741-1012 ,(801) 741-1102,40.7620689,-111.888922
cana,Canaveral National Seashore,"Canaveral National Seashore, 212 S. Washington Avenue",Titusville,Florida,32796,(386) 428-3384 ext. 10 ,(321) 264-2906,28.613144,-80.8075783
CARI,Cane River Creole National Historical Park,"Cane River Creole National Historical Park, 400 Rapides Drive",Natchitoches,LA,71457,,(318) 356-7285,31.7398039,-93.0835779
cach,Canyon de Chelly National Monument,PO Box 588,Chinle,AZ,86503,,(928) 674-5507,36.154448,-109.552607
CANY,Canyonlands National Park,"Canyonlands National Park, 2282 SW Resource Blvd.",Moab,Utah,84532,,(435) 719-2300,38.5398057,-109.5061713
CAHA,Cape Hatteras National Seashore,"Cape Hatteras National Seashore, 1401 National Park Drive",Manteo,North Carolina,27954,(252) 473-2111 ,(252) 473-2595,35.938547,-75.712322
cakr,Cape Krusenstern National Monument,Cape Krusenstern National Monument,Kotzebue,AK,99752,,(907) 442-8316 ,67.45055,-163.5490191
CALO,Cape Lookout National Seashore,131 Charles Street,Harkers Island,NC,28531,,(252) 728-2160,34.6881785,-76.526505
CARE,Capitol Reef National Park,"Capitol Reef National Park, HC 70 Box 15",Torrey,UT,84775,(435) 425-3791 ext. 111 ,(435) 425-3026,38.291308,-111.262257
CAJO,Captain John Smith Chesapeake National Historic Trail,"NPS Chesapeake Bay Program Office, 410 Severn Avenue, Suite 314",Annapolis,MD,21403,(410) 260-2470,,38.971705,-76.483576
CAVO,Capulin Volcano National Monument,"Capulin Volcano NM, P.O. Box 40",Des Moines,NM,88418,,(575) 278-2211,36.7810744,-103.9695127
CARL,Carl Sandburg Home National Historic Site,81 Carl Sandburg Lane,Flat Rock,NC,28731,(828) 693-4178,,35.273142,-82.453088
CAVE,Carlsbad Caverns National Park,"Carlsbad Caverns National Park, 3225 National Parks Highway",Carlsbad,New Mexico,88220,,(575) 785-2133,32.386916,-104.221362
cagr,Casa Grande Ruins National Monument,"Casa Grande Ruins National Monument, 1100 West Ruins Drive",Coolidge,AZ,85128,(520) 723-3172 ,(520) 723-7209,32.995425,-111.5354502
casa,Castillo de San Marcos National Monument,"Castillo de San Marcos NM, 1 South Castillo Drive",St. Augustine,FL,32084,(904) 829-6506 ,(904) 823-9388,29.897989,-81.312123
CACL,Castle Clinton National Monument,"Castle Clinton National Monument, Battery Park",New York,NY,10004,,,40.7035011,-74.0168506
CATO,Catoctin Mountain Park,"Catoctin Mountain Park, 6602 Foxville Road",Thurmont,MD,21788,,(301) 271-2764,39.633853,-77.448206
CEBR,Cedar Breaks National Monument,"Cedar Breaks National Monument, 2390 W. Hwy 56, Suite 11",Cedar City,UT,84720,,(435) 586-3813,37.6845859,-113.0965036
CHCU,Chaco Culture National Historical Park,"Chaco Culture National Historical Park, P. O. Box 220",Nageezi,New Mexico,87037,,(505) 786-7061,36.0638,-107.9708
CHAM,Chamizal National Memorial,"Chamizal National Memorial, 800 S. San Marcial",El Paso,Texas,79905,(915) 532-7273 ,(915) 532-7240,31.7680934,-106.4583047
chis,Channel Islands National Park,"Channel Islands National Park, 1901 Spinnaker Drive",Ventura,CA,93001,(805) 658-5730 ,(805) 658-5799,34.245852,-119.2664691
CHPI,Charles Pinckney National Historic Site,1214 Middle Street,Sullivan's Island,South Carolina,29482,(843) 881-5516,(843) 881-7070,32.758321,-79.856317
chat,Chattahoochee River National Recreation Area,1978 Island Ford Pkwy,Sandy Springs,GA,30350,,,33.9968515,-84.3338522
CHOH,Chesapeake & Ohio Canal National Historical Park,"C&O Canal NHP Headquarters, 1850 Dual Highway, Suite 100",Hagerstown,MD,21740-6620 ,(301) 739-4200 ,(301) 739-5275,39.6105435,-77.6881048
CBPO,Chesapeake Bay Gateways Network,"410 Severn Avenue, Suite 109",Annapolis,Maryland,21403,,(410) 267-5777,38.971705,-76.483576
chch,Chickamauga & Chattanooga National Military Park,"P.O. Box 2128 (Mailing), 3370 LaFayette Road (Shipping)",Fort Oglethorpe,GA,30742,(706) 866-9241 ,(423) 752-5215,34.942377,-85.259056
CHIC,Chickasaw National Recreation Area,"Chickasaw National Recreation Area, 1008 West Second Street",Sulphur,OK,73086,,(580) 622-2296,34.5089397,-96.969625
chir,Chiricahua National Monument,"Superintendent, 12856 E. Rhyolite Creek RD",Willcox,AZ,85643,(520) 824-3560 ext. 302 ,(520) 824-3421,32.007788,-109.361298
CIRO,City of Rocks National Reserve,"City of Rocks National Reserve, P.O. Box 169",Almo,ID,83312,,(208) 824-5563,42.0774026,-113.7037797
CLBA,Clara Barton National Historic Site,"Clara Barton NHS, 5801 Oxford Road",Glen Echo,Maryland,20812,,,38.967151,-77.1403459
colm,Colorado National Monument,"Colorado National Monument, 7 M S of Fruita Hwy 340",Fruita,CO,81521,,(970) 858-0372 ,39.0556092,-108.7007007
coro,Coronado National Memorial,4101 East Montezuma Canyon Road,Hereford,AZ,85615,(520) 366-5515 ,(520) 366-5705,31.3458659,-110.253776
COWP,Cowpens National Battlefield,"Cowpens National Battlefield, PO Box 308",Chesnee,SC,29323,,(864) 461-7795,35.073993,-81.8740202
CRLA,Crater Lake National Park,P.O. Box 7,Crater Lake,Oregon,97604,(541) 594-3000 ,(541) 594-3010,42.962058,-122.148106
CRMO,Craters of the Moon National Monument & Preserve,"Craters of the Moon National Monument and Preserve, P.O. Box 29",Arco,ID,83213,,(208) 527-3073,43.41665,-113.5166497
CUGA,Cumberland Gap National Historical Park,"Cumberland Gap National Historical Park, 91 Bartlett Park Road",Middlesboro,KY,40965,(606) 248-2817 ,(606) 248-7276,36.602419,-83.692026
cuis,Cumberland Island National Seashore,101 Wheeler Street,St. Marys,GA,31558,(912) 882-4336 ext. 254 ,(912) 882-6284,30.7206567,-81.5502296
cure,Curecanti National Recreation Area,"National Park Service, 102 Elk Creek",Gunnison,Colorado,81230,,(970) 641-3127,38.4657461,-107.16668
CUVA,Cuyahoga Valley National Park,"Cuyahoga Valley National Park, 15610 Vaughn Rd",Cleveland,OH,44141-3097,,(440) 546-5989 ,41.2824455,-81.5706109
DABE,David Berger National Memorial,"Mandel Jewish Community Center, 26001 South Woodland Road",Beachwood,Ohio,44122,,(440) 546-5989,41.4736696,-81.4914281
deso,De Soto National Memorial,"De Soto National Memorial, P.O. Box 15390",Bradenton,FL,34280,(941) 792-0458 ext. 105 ,(941) 792-5094,27.371266,-82.580364
deva,Death Valley National Park,"Death Valley National Park, P.O. Box 579",Death Valley,California,92328,(760) 786-3200,(760) 786-3283,36.5053891,-117.0794082
DEWA,Delaware Water Gap National Recreation Area,"Interpretation & Education, Delaware Water Gap NRA",Bushkill,PA,18324-9999 ,,(570) 426-2402,41.121115,-74.898707
dena,Denali National Park and Preserve,"Denali National Park & Preserve, P.O. Box 9",Denali Park,Alaska,99755,(907) 683-2294 ,(907) 683-9612,63.7296854,-148.766697
DEMO,Deshler Morris House,143 S. Third Street,Philadelphia,Pennsylvania,19106,(215) 965-2305 ,(215) 861-4950,39.9480134,-75.1461357
depo,Devils Postpile National Monument,"Devils Postpile National Monument, P.O. Box 3999",Mammoth Lakes,CA,93546,,(760) 934-4780,37.6146273,-119.0852642
DETO,Devils Tower National Monument,PO Box 10,Devils Tower,WY,82714,,(307) 467-5350,44.588333,-104.698333
dino,Dinosaur National Monument,"Dinosaur National Monument, 4545 E. Highway 40",Dinosaur,CO,81610-9724 ,,(970) 374-3003,40.5191016,-108.9264524
drto,Dry Tortugas National Park,P.O. Box 6208,Key West,FL,33041,,(305) 242-7711,24.56,-81.81
EDAL,Edgar Allan Poe National Historic Site,"INHP, 143 S. Third Street",Philadelphia,Pennsylvania,19106,,(215) 861-4950,39.9480134,-75.1461357
EFMO,Effigy Mounds National Monument,"Effigy Mounds National Monument, 151 HWY 76",Harpers Ferry,IA,52146,(563) 873-3491 ,(800) 322-1704,43.139283,-91.245468
EISE,Eisenhower National Historic Site,"Eisenhower NHS, 1195 Baltimore Pike, Suite 100",Gettysburg,PA,17325,(717) 338-9114 ext. 10 ,(717) 338-0821,39.8122032,-77.2215251
ELTE,El Camino Real de los Tejas National Historic Trail,"National Trails Intermountain Region, P.O. Box 728",Santa Fe,NM,87504-0728 ,(505) 988-6098 ,(505) 986-5214,35.691543,-105.937406
ELCA,El Camino Real de Tierra Adentro National Historic Trail,"National Trails Intermountain Region, PO Box 728",Santa Fe,New Mexico,87504-0728 ,(505) 988-6098 ,(505) 988-5214,35.689361,-105.933751
ELMA,El Malpais National Monument,"El Malpais National Monument, 123 East Roosevelt Avenue",Grants,NM,87020,,(505) 876-2791,35.1610428,-107.8410667
ELMO,El Morro National Monument,"El Morro National Monument, HC 61 Box 43",Ramah,NM,87321,,(505) 783-4689,35.043518,-108.34627
ELRO,Eleanor Roosevelt National Historic Site,"National Park Service, 4097 Albany Post Road",Hyde Park,New York,12538,,,41.77043,-73.932905
ELIS,Ellis Island National Monument,"Statue of Liberty National Monument & Ellis Island, Liberty Island",New York,NY,10004-1467 ,,(212) 363-6304,40.723223,-74.011682
ESSE,Essex National Heritage Area,"221 Essex Street, Suite 41",Salem,MA,01970,,(978) 744-6473,42.5214953,-70.8949931
euon,Eugene O'Neill National Historic Site,P.O. Box 280,Danville,CA,94526,,(925) 838-9471,37.800695,-121.981435
ever,Everglades National Park,40001 State Road 9336,Homestead,Florida,33034-6733 ,(305) 242-7700,(305) 242-7711,25.395755,-80.5834525
FEHA,Federal Hall National Memorial,"Federal Hall National Memorial, 26 Wall Street",New York,NY,10005,,(212) 668-2899,40.7073139,-74.010262
FIIS,Fire Island National Seashore,"Fire Island National Seashore, 120 Laurel Street",Patchogue,NY,11772-3596 ,,(631) 289-4898,40.7552554,-73.0168646
FILA,First Ladies National Historic Site,"National First Ladies Library, 205 Market Avenue South",Canton,Ohio,44702-2107 ,(330) 452-0876 ,(330) 456-3414,40.797611,-81.375456
FLNI,Flight 93 National Memorial,P.O. Box 911,Shanksville,PA,15560,,(814) 893-6329,40.017274,-78.909198
flfo,Florissant Fossil Beds National Monument,PO Box 185,Florissant,Colorado,80816,,(719) 748-3164,38.900586,-105.336536
fobo,Fort Bowie National Historic Site,"Fort Bowie National Historic Site, 3203 South Old Fort Bowie Road",Bowie,AZ,85605,,(520) 847-2221,32.1514176,-109.4526832
FODA,Fort Davis National Historic Site,"Fort Davis National Historic Site, P.O. Box 1379",Fort Davis,Texas,79734,(432) 426-3224 ext. 220 ,(432) 426-3122,30.6017944,-103.8955494
FODO,Fort Donelson National Battlefield,"Fort Donelson National Battlefield, P.O. Box 434",Dover,Tennessee,37058,,(931) 232-4085,36.4848862,-87.8574308
FOFO,Fort Foote Park,13551 Fort Washington Road,Fort Washington,MD,20744,,(301) 763-1389,38.71312,-77.025503
fofr,Fort Frederica National Monument,"Fort Frederica NM, 6515 Frederica Rd.",St. Simons Island,GA,31522,(912) 638-3639 ,(912) 634-5357,31.223111,-81.389279
FOLS,Fort Larned National Historic Site,"Fort Larned NHS, 1767 KS Hwy 156",Larned,KS,67550-5357 ,,(620) 285-3571,38.189289,-99.19959
foma,Fort Matanzas National Monument,"Fort Matanzas National Monument, 8635 A1A South",St. Augustine,Florida,32080,,(904) 471-7605,29.716366,-81.234059
FONE,Fort Necessity National Battlefield,"Fort Necessity NB, 1 Washington Parkway",Farmington,PA,15437,,(724) 329-8682,39.819078,-79.587852
fopo,Fort Point National Historic Site,"Fort Point National Historic Site, Fort Mason, Building 201",San Francisco,California,94123,(415) 556-1693,,37.767098,-122.465741
fopu,Fort Pulaski National Monument,"Fort Pulaski NM, P. O. Box 30757",Savannah,GA,31410,(912) 786-5787 ,(912) 652-4232,32.018264,-80.990196
FORA,Fort Raleigh National Historic Site,"Fort Raleigh National Historic Site, 1401 National Park Drive",Manteo,North Carolina,27954,(252) 473-5772 ,(252) 473-2595,35.938547,-75.712322
FOSC,Fort Scott National Historic Site,"Fort Scott NHS, P.O. Box 918",Fort Scott,KS,66701,(620) 223-0310 ,(620) 223-0188,37.842788,-94.705509
fosm,Fort Smith National Historic Site,"Fort Smith National Historic Site, PO Box 1406",Fort Smith,AR,72902,,(479) 783-5307,35.387619,-94.4290819
FOST,Fort Stanwix National Monument,"Fort Stanwix National Monument, 112 E Park Street",Rome,NY,13440,(315) 338-7730 ,(315) 334-5051,43.2119731,-75.4547454
FOSU,Fort Sumter National Monument,1214 Middle Street,Sullivan's Island,SC,29482,,(843) 883-3910,32.758321,-79.856317
FOUN,Fort Union National Monument,"Superintendent, Fort Union National Monument PO Box 127",Watrous,New Mexico,87753,(505) 425-8025 ,(505) 454-1155,35.846872,-105.018118
FOUS,Fort Union Trading Post National Historic Site,"Fort Union Trading Post NHS, 15550 Hwy 1804",Williston,North Dakota,58801,(701) 572-9083 ,(701) 572-7321,48.00016,-104.041483
FOVA,Fort Vancouver National Historic Site,"Fort Vancouver NHS, 612 East Reserve Street",Vancouver,WA,98661,(360) 816-6230 ,(360) 816-6363,45.6252599,-122.6543063
FOWA,Fort Washington Park,13551 Fort Washington Road,Fort Washington,MD,20744,(301) 763-4600,(301) 763-1389,38.71312,-77.025503
FRLA,Frederick Law Olmsted National Historic Site,"Frederick Law Olmsted      National Historic Site, 99 Warren Street",Brookline,Massachusetts,02445,,(617) 232-4073,42.3254655,-71.1320319
FRSP,Fredericksburg & Spotsylvania National Military Park,"Superintendent, 120 Chatham Lane",Fredericksburg,Virginia,22405,,(540) 371-1907,38.308756,-77.455278
FRHI,Friendship Hill National Historic Site,"Friendship Hill NHS, 1 Washington Parkway",Farmington,PA,15437,,(724) 725-1999,39.819078,-79.587852
gaar,Gates of the Arctic National Park & Preserve,"Visitor Information, P.O. Box 30",Bettles,AK,99726,P.O. Box 30,(907) 692-5400,67.251868,-150.184189
GATE,Gateway National Recreation Area,"Public Affairs Office, Gateway NRA, 210 New York Avenue",Staten Island,New York,10305,(718) 354-4606 ,(718) 354-4605,40.6035923,-74.0588092
GEGR,General Grant National Memorial,"General Grant National Memorial, West 122nd Street and Riverside Drive",New York,NY,10027,,(212) 932-9631,40.812908,-73.962923
GERO,George Rogers Clark National Historical Park,"George Rogers Clark National Historical Park, 401 S. 2nd St.",Vincennes,Indiana,47591,(812) 882-1776 ext. 110,(812) 882-7270,38.6778773,-87.5353188
GWCA,George Washington Carver National Monument,"George Washington Carver National Monument, 5646 Carver Road",Diamond,MO,64840,,(417) 325-4231,36.9859501,-94.3510047
GETT,Gettysburg National Military Park,"Gettysburg National Military Park, 1195 Baltimore Pike, Suite 100",Gettysburg,Pennsylvania,17325,,(717) 334-1891,39.8122032,-77.2215251
GICL,Gila Cliff Dwellings National Monument,"Gila Cliff Dwellings National Monument, HC 68 Box 100",Silver City,New Mexico,88061,,(575) 536-9344,32.77,-108.279999
glba,Glacier Bay National Park and Preserve,"Glacier Bay National Park, PO Box 140",Gustavus,AK,99826-0140 ,,(907) 697-2654,58.8318772,-136.9987946
GLAC,Glacier National Park,"Glacier National Park, PO Box 128",West Glacier,Montana,59936,(406) 888-7800,(406) 888-7808,48.8046506,-114.1625084
GLCA,Glen Canyon National Recreation Area,"Glen Canyon NRA, PO Box 1507",Page,Arizona,86040,,,37.3583836,-110.8076084
GLEC,Glen Echo Park,,Glen Echo Park,MO,,,(301) 320-1405 ,38.7011622,-90.2978916
goga,Golden Gate National Recreation Area,"Golden Gate National Recreation Area, Fort Mason, Building 201",San Francisco,California,94123-1307 ,(415) 561-4700,,37.8439986,-122.5259596
GOSP,Golden Spike National Historic Site,"Golden Spike NHS, P.O. Box 897",Brigham City,Utah,84302,,(435) 471-2341,41.6316468,-112.4947092
GOIS,Governors Island National Monument,"Governors Island National Monument, 10 South Street - Slip 7",New York,NY,10004-1921 ,(212) 825-3045,(212) 825-3055,40.7012349,-74.0116813
grca,Grand Canyon National Park,"Grand Canyon National Park, P.O. Box 129",Grand Canyon,AZ,86023,(928) 638-7888 ,(928) 638-7797,36.3551644,-112.6612088
para,Grand Canyon-Parashant National Monument,"Grand Canyon-Parashant National Monument, 345 East Riverside Drive",St. George,UT,84790,,(435) 688-3388,37.0828739,-113.576777
GRPO,Grand Portage National Monument,"P.O. Box 426, 170 Mile Creek Road",Grand Portage,Minnesota,55605,,(218) 475-0174,47.95819,-89.6895741
GRTE,Grand Teton National Park & John D. Rockefeller Jr. Memorial Parkway,"Grand Teton National Park, P.O. Drawer 170",Moose,WY,83012,(307) 739-3300,(307) 739-3438,43.729398,-110.709055
GRKO,Grant-Kohrs Ranch National Historic Site,"Grant-Kohrs Ranch NHS, 266 Warren Lane",Deer Lodge,MT,59722,,(406) 846-3962,46.407891,-112.735579
GRBA,Great Basin National Park,"Great Basin National Park, 100 Great Basin National Park",Baker,Nevada,89311,,(775) 234-7269,38.9295007,-114.2628251
grsa,Great Sand Dunes National Park and Preserve,"Great Sand Dunes National Park, 11500 State Highway 150",Mosca,CO,81146-9502,,,37.7275919,-105.6412527
GRSM,Great Smoky Mountains National Park,"Great Smoky Mountains National Park, 107 Park Headquarters Road",Gatlinburg,TN,37738,(865) 436-1200,,35.691031,-83.536198
GREE,Greenbelt Park,6565 Greenbelt Road,Greenbelt,Maryland,20770,,(301) 344-3736,38.995757,-76.895521
GUMO,Guadalupe Mountains National Park,"Guadalupe Mountains National Park, 400 Pine Canyon Road",Salt Flat,Texas,79847,,(915) 828-3269,31.903912,-104.868813
GUCO,Guilford Courthouse National Military Park,"Guilford Courthouse National Military Park, 2332 New Garden Road",Greensboro,NC,27410-2355 ,(336) 288-1776 ,(336) 282-2296,36.1312015,-79.8488024
guis,Gulf Islands National Seashore,1801 Gulf Breeze Parkway,Gulf Breeze,FL,32563,,(850) 932-9654,30.393904,-87.0388
HAFO,Hagerman Fossil Beds National Monument,"Hagerman Fossil Beds National Monument, P.O. Box 570",Hagerman,ID,83332,(208) 933-4100 ,(208) 837-4857,42.7816632,-114.9521998
hale,Haleakala National Park,PO Box 369,Makawao,HI,96768,(808) 572-4400,,20.856944,-156.313056
HAGR,Hamilton Grange National Memorial,"Hamilton Grange National Memorial, C/O Manhattan Sites, 26 Wall Street",New York,NY,10005,(212) 666-1640,(212) 932-9631,40.7073139,-74.010262
HAMP,Hampton National Historic Site,"Superintendent, 535 Hampton Lane",Towson,Maryland,21286,,(410) 823-8394,39.41789,-76.590414
HAHA,Harmony Hall,13551 Fort Washington Road,Fort Washington,MD,20744,,(301) 763-1389,38.71312,-77.025503
HAFE,Harpers Ferry National Historical Park,P.O. Box 65,Harpers Ferry,WV,25425,,(304) 535-6244,39.325379,-77.738882
HSTR,Harry S Truman National Historic Site,"Harry S Truman NHS, 223 N. Main St.",Independence,Missouri,64050,(816) 254-9929 ,(816) 254-4491,39.0936,-94.415252
havo,Hawai'i Volcanoes National Park,"Hawai`i Volcanoes National Park, P.O. Box 52",Hawai`i National Park,HI,96718-0052 ,(808) 985-6000 ,(808) 985-6004,19.299004,-155.3569573
HEHO,Herbert Hoover National Historic Site,"Herbert Hoover NHS, P. O. Box 607",West Branch,IA,52358-0607 ,(319) 643-2541,(319) 643-7864,41.671985,-91.346589
pima,Hohokam Pima National Monument,Hohokam Pima National Monument,Chandler,AZ,85248,,,33.1889835,-111.9224398
HOFR,Home of Franklin D Roosevelt National Historic Site,"National Park Service, 4097 Albany Post Road",Hyde Park,New York,12538,,,41.77043,-73.932905
HOME,Homestead National Monument of America,"Superintendent, 8523 W. State Hwy. 4",Beatrice,NE,68310,(402) 223-3514,(402) 228-4231,40.2917267,-96.8348525
HOCU,Hopewell Culture National Historical Park,"Hopewell Culture National Historical Park, 16062 State Route 104",Chillicothe,Ohio,45601,(740) 774-1126 ,(740) 774-1140,39.3738532,-83.0073082
HOFU,Hopewell Furnace National Historic Site,"Hopewell Furnace National Historic Site, 2 Mark Bird Lane",Elverson,Pennsylvania,19520,(610) 582-8773 ,(610) 582-2768,40.2081934,-75.7735281
hobe,Horseshoe Bend National Military Park,"Horseshoe Bend NMP, 11288 Horseshoe Bend Rd.",Daviston,AL,36256,(256) 234-7111 ,(256) 329-9905,33.015464,-85.687928
hosp,Hot Springs National Park,"Hot Springs National Park, 101 Reserve Street",Hot Springs,AR,71901,(501) 624-2701,(501) 624-3458,34.5116392,-93.0539835
hove,Hovenweep National Monument,"Hovenweep National Monument, McElmo Route",Cortez,CO,81321,(970) 562-4282 ext. 10 ,(970) 562-4283,37.548179,-108.548955
hutr,Hubbell Trading Post National Historic Site,"Hubbell Trading Post NHS, P.O. Box 150",Ganado,Arizona,86505,,(928) 755-3405,35.667514,-109.321948
iatr,Ice Age National Scenic Trail,"National Park Service, 700 Rayovac Drive Suite 100",Madison,Wisconsin,53711,,(608) 441-5606,43.049044,-89.491477
INDE,Independence National Historical Park,"Independence National Historical Park, 143 S. Third Street",Philadelphia,PA,19106,(800) 537-7676,(215) 861-4950,39.9480134,-75.1461357
INDU,Indiana Dunes National Lakeshore,1100 N. Mineral Springs Road,Porter,Indiana,46304,(219) 926-7561 ext. 3,,41.6306,-87.086864
inup,Inupiat Heritage Center,"Inupiat Heritage Center, P.O.Box 69",Barrow,AK,99723,(907) 852-0422,,71.2983988,-156.7540884
ISRO,Isle Royale National Park,"Isle Royale National Park, 800 East Lakeshore Drive",Houghton,Michigan,49931-1869 ,(906) 482-0984,(906) 482-8753,47.1225521,-88.5645333
JAGA,James A Garfield National Historic Site,"James A. Garfield National Historic Site, 8095 Mentor Avenue",Mentor,Ohio,44060,(440) 255-8722 ,(440) 974-2045,41.664495,-81.35085
JELA,Jean Lafitte National Historical Park and Preserve,419 Decatur Street,New Orleans,LA,70130,,(504) 589-3851,29.955125,-90.064502
JEFF,Jefferson National Expansion Memorial,"Jefferson National Expansion Memorial, 11 N. 4th Street",St. Louis,MO,63102,(314) 655-1700,,38.624901,-90.186317
JECA,Jewel Cave National Monument,"11149 U.S. Highway 16, Building B12",Custer,South Dakota,57730,(605) 673-8300 ,(605) 673-8301,43.764308,-103.607462
jica,Jimmy Carter National Historic Site,"Jimmy Carter National Historic Site, 300 North Bond Street",Plains,Georgia,31780,(229) 824-4104 ,(229) 824-3441,32.0367522,-84.3934827
JODA,John Day Fossil Beds National Monument,"32651 Highway 19,",Kimberly,OR,97848,,(541) 987-2336,44.653496,-119.650654
JOFI,John Fitzgerald Kennedy National Historic Site,"John Fitzgerald Kennedy National Historic Site, 83 Beals Street",Brookline,Massachusetts,02446,(617) 566-7937,,42.3460692,-71.1244352
jomu,John Muir National Historic Site,"John Muir National Historic Site, 4202 Alhambra Ave.",Martinez,CA,94553,(925) 228-8860 ,(925) 228-8192,37.9921651,-122.130977
JOFL,Johnstown Flood National Memorial,"Johnstown Flood National Memorial, 733 Lake Road",South Fork,PA,15956,,(814) 495-7463,40.3508419,-78.7721602
jotr,Joshua Tree National Park,"Joshua Tree National Park, 74485 National Park Drive",Twentynine Palms,CA,92277,(760) 367-5500 ,(760) 367-6392,34.129523,-116.036937
juba,Juan Bautista de Anza National Historic Trail,"1111 Jackson St., Suite 700",Oakland,CA,94607,,(510) 817-1505,37.800356,-122.266384
kala,Kalaupapa National Historical Park,"Superintendent, POB 2222",Kalaupapa,HI,96742,,(808) 567-6729,21.189792,-156.980138
kaho,Kaloko-Honokohau National Historical Park,"Kaloko-Honokohau National Historical Park, 73-4786 Kanalani St., #14",Kailua-Kona,Hawaii,96740,,(808) 329-2597,19.689206,-156.021329
katm,Katmai National Park & Preserve,P.O. Box 7,King Salmon,Alaska,99613,(907) 246-3305 ,(907) 246-2116,58.756222,-156.51724
kefj,Kenai Fjords National Park,"Kenai Fjords National Park, P.O. Box 1727",Seward,Alaska,99664,,(907) 422-0571,59.8463648,-150.1844857
kemo,Kennesaw Mountain National Battlefield Park,"Ranger Activities, 900 Kennesaw Mountain Dr.",Kennesaw,GA,30152,,(770) 528-8398,33.9830896,-84.5780814
KEWE,Keweenaw National Historical Park,25970 Red Jacket Road,Calumet,Michigan,49913-2948 ,,(906) 337-3169,47.2423702,-88.4480218
KIMO,Kings Mountain National Military Park,"Superintendent, 2625 Park Rd",Blacksburg,SC,29702,(864) 936-7921 ,(864) 936-9897,35.078017,-81.395068
klse,Klondike Gold Rush - Seattle Unit National Historical Park,319 Second Avenue South,Seattle,WA,98104,(206) 220-4240 ,(206) 381-0664,47.5993181,-122.3318109
klgo,Klondike Gold Rush National Historical Park,P.O. Box 517,Skagway,AK,99840,(907) 983-9200,(907) 983-9249,59.54944,-135.269027
KNRI,Knife River Indian Villages National Historic Site,"P.O. Box 9, 564 County Road 37",Stanton,ND,58571,,,47.4003132,-101.4864866
kova,Kobuk Valley National Park,PO Box 1029,Kotzebue,AK,99752,(907) 442-3760 ,(907) 442-8316,67.146678,-161.292928
lacl,Lake Clark National Park & Preserve,"240 West 5th Avenue, Suite 236",Anchorage,AK,99501,,,61.2173565,-149.886172
lame,Lake Mead National Recreation Area,601 Nevada Way,Boulder City,NV,89005,,(702) 293-8936,35.9764797,-114.8385611
lavo,Lassen Volcanic National Park,"Lassen Volcanic National Park, P.O. Box 100",Mineral,CA,96063-0100 ,(530) 595-4480,(530) 595-3262,40.5093134,-121.4330998
labe,Lava Beds National Monument,P.O. Box 1240,Tulelake,CA,96134,,(530) 667-2737,41.873101,-121.519764
LECL,Lewis & Clark National Historic Trail,601 Riverfront Drive,Omaha,Nebraska,68102,(402) 661-1804 ,(402) 661-1805,41.264613,-95.924517
LEWI,Lewis and Clark National Historical Park,92343 Fort Clatsop Road,Astoria,OR,97103-9197 ,(503) 861-2471 ext. 214 ,(503) 861-2585,46.1370048,-123.8798795
LIBO,Lincoln Boyhood National Memorial,"2916 E South Street, PO Box 1816",Lincoln City,IN,47552,(812) 937-4541 ,(812) 937-9929,38.113702,-86.999079
LIHO,Lincoln Home National Historic Site,"Lincoln Home NHS, 413 South Eighth Street",Springfield,Illinois,62701-1905 ,(217) 492-4241 ,(217) 492-4673,39.7981317,-89.6451345
LIBI,Little Bighorn Battlefield National Monument,"Little Bighorn Battlefield National Monument, PO Box 39",Crow Agency,MT,59022,(406) 638-3217 ,(406) 638-2623,45.5605145,-107.4271624
liri,Little River Canyon National Preserve,"Little River Canyon National Preserve, 4322 Little River Trail NE,   Suite 100",Fort Payne,AL,35967,,(256) 997-9129,34.3807297,-85.6315729
chsc,Little Rock Central High School National Historic Site,2120 Daisy Bates Drive,Little Rock,AR,72202,,(501) 396-3001,34.738773,-92.29732
LONG,Longfellow National Historic Site,"Longfellow House - Washington's Headquarters National Historic Site, 105 Brattle Street",Cambridge,MA,02138,(617) 876-4491 ,(617) 497-8718,42.376989,-71.12637
LOWE,Lowell National Historical Park,"Superintendent, 67 Kirk Street",Lowell,MA,01852,,(978) 970-5085,42.6471941,-71.3097974
LOEA,Lower East Side Tenement Museum National Historic Site,"108 Orchard Street, Visitor Center",New York,NY,10002,(212) 982-8420 ,(212) 431-0402,40.740142,-73.986736
LYJO,Lyndon B. Johnson National Historical Park,"Superintendent, P.O. Box 329",Johnson City,TX,78636,(830) 868-7128 ext. 244,,30.285392,-98.398629
MAAC,Maine Acadian Culture,"c/o Acadia National Park, P.O. Box 177",Bar Harbor,ME,04609,(207) 288-3338 ,(207) 288-8813,44.3385559,-68.2733346
MACA,Mammoth Cave National Park,"Superintendent, 1 Mammoth Cave Parkway   P.O. Box 7",Mammoth Cave,KY,42259,,,37.192189,-86.121529
MANA,Manassas National Battlefield Park,"Manassas National Battlefield, 12521 Lee Highway",Manassas,Virginia,20109,,(703) 754-1107,38.805198,-77.571996
manz,Manzanar National Historic Site,"Manzanar National Historic Site, P.O. Box 426",Independence,CA,93526,(760) 878-2194 ext. 2710,(760) 878-2949,36.7284743,-118.1462983
MABI,Marsh-Billings-Rockefeller National Historical Park,"Marsh-Billings-Rockefeller National Historical Park, 54 Elm Street",Woodstock,VT,05091,(802) 457-3368 ext. 22 ,(802) 457-3405,43.6285354,-72.5183519
malu,Martin Luther King Jr National Historic Site,"Superintendent, 450 Auburn Avenue, NE",Atlanta,Georgia,30312,(404) 331-6922 ,(404) 730-3112,33.7555614,-84.3734823
MAVA,Martin Van Buren National Historic Site,1013 Old Post Road,Kinderhook,New York,12106,,(518) 758-6986,42.3656798,-73.704337
meve,Mesa Verde National Park,"Mesa Verde National Park, P.O. Box 8",Mesa Verde,Colorado,81330,(970) 529-4465 ,(970) 529-4637,37.16748,-108.525539
MIIN,Minidoka National Historic Site,P.O. Box 570,Hagerman,ID,83332,,(208) 837-4857,42.812124,-114.898669
MIMA,Minute Man National Historical Park,"Minute Man National Historical Park, 174 Liberty St.",Concord,MA,01742,,(978) 318-7800,42.471166,-71.35372
MIMI,Minuteman Missile National Historic Site,21280 SD Hwy 240,Philip,SD,57567,,(605) 433-5558,43.816298,-101.899697
MISS,Mississippi National River and Recreation Area,"111 East Kellogg Blvd., Suite 105",Saint Paul,MN,55101,,(651) 290-3214,44.9455077,-93.0898974
MNRR,Missouri National Recreational River,"Missouri National Recreational River, 508 E. 2nd Street",Yankton,SD,57078,(605) 665-0209 ,(605) 665-4183,42.868919,-97.384615
moja,Mojave National Preserve,"Mojave National Preserve, 2701 Barstow Road",Barstow,California,92311,(760) 252-6100,(760) 252-6174,34.871394,-117.020322
MONO,Monocacy National Battlefield,4801 Urbana Pike,Frederick,Maryland,21704,(301) 662-3515,(301) 662-3420,39.3665648,-77.388428
moca,Montezuma Castle National Monument,"Montezuma Castle National Monument, P. O. Box 219",Camp Verde,Arizona,86322,,(928) 567-3597,34.6089399,-111.8412083
MOCR,Moores Creek National Battlefield,40 Patriots Hall Drive,Currie,North Carolina,28435,(910) 283-5591 ,(910) 283-5351,34.458784,-78.107428
MOPI,Mormon Pioneer National Historic Trail,"National Trails Intermountain Region, 324 South State St., Suite 200",Salt Lake City,UT,84111,(801) 741-1012 ,(801) 741-1102,40.7620689,-111.888922
MORR,Morristown National Historical Park,"Morristown National Historical Park, 30 Washington Place",Morristown,New Jersey,07960-4299 ,,(973) 285-5021,40.7969641,-74.4659163
MORA,Mount Rainier National Park,"Mount Rainier National Park, 55210 238th Ave. East",Ashford,WA,98304,,(360) 569-2170,46.7558282,-122.1207998
MORU,Mount Rushmore National Memorial,"Mount Rushmore National Memorial, 13000 Hwy 244 Bldg 31 Suite 1",Keystone,SD,57751,(605) 574-2523,(605) 574-2307,43.875419,-103.4531437
muwo,Muir Woods National Monument,Muir Woods National Monument,Mill Valley,California,94941-2696 ,(415) 388-2596,(415) 389-6957,37.8960372,-122.580256
NATT,Natchez Trace National Scenic Trail,"Natchez Trace National Scenic Trail, 2680 Natchez Trace Parkway",Tupelo,MS,38804,,(662) 680-4034,34.307545,-88.720974
natr,Natchez Trace Parkway,"Natchez Trace Parkway, 2680 Natchez Trace Parkway",Tupelo,MS,38804,(800) 305-7417,(662) 680-4034,34.307545,-88.720974
NACE,National Capital Parks-East,"1900 Anacostia Dr., SE",Washington,DC,20020,,(202) 690-0862,38.8681082,-76.9953624
npsa,National Park of American Samoa,"Superintendent, National Park of American Samoa",Pago Pago,AS,96799,,(684) 699-3986,-14.29129,-170.696426
NPNH,National Parks of New York Harbor,"National Parks of New York Harbor, Federal Hall National Memorial 26 Wall Street",New York,New York,10005,(212) 668-5180,(212) 668-2375,40.7073139,-74.010262
NABR,Natural Bridges National Monument,"Natural Bridges, HC-60 Box 1",Lake Powell,Utah,84533,(435) 692-1234 ext. 16 ,(435) 692-1111,37.593888,-110.009234
nava,Navajo National Monument,"Superintendent, Navajo National Monument, HC 71 Box 3",Tonalea,AZ,86044,(928) 672-2700 ,(928) 672-2703,36.40425,-110.910901
NEBE,New Bedford Whaling National Historical Park,"New Bedford Whaling NHP, 33 William Street",New Bedford,MA,02740,(508) 996-4095 ,(508) 984-1250,41.635758,-70.924046
JAZZ,New Orleans Jazz National Historical Park,419 Decatur Street,New Orleans,LA,70130,,(504) 589-4845,29.955125,-90.064502
NERI,New River Gorge National River,P.O. Box 246,Glen Jean,WV,25846,,(304) 465-0591,37.899209,-81.157499
NEPE,Nez Perce National Historical Park,"Nez Perce NHP, PO Box 1000",Lapwai,ID,83540,(208) 843-7001 ,(208) 843-7003,46.416175,-116.797523
NICO,Nicodemus National Historic Site,"Nicodemus National Historic Site, 304 Washington Avenue",Nicodemus,KS,67625-3015 ,(785) 839-4233,(785) 839-4325,39.393117,-99.617178
NISI,Ninety Six National Historic Site,"Ninety Six National Historic Site, PO Box 418",Ninety Six,SC,29666,,(864) 543-2058,34.1433109,-82.013465
NIOB,Niobrara National Scenic River,"Niobrara National Scenic River, P.O. Box 319",Valentine,NE,69201,,(402) 376-1949,42.8129207,-99.9294552
noat,Noatak National Preserve,"National Park Service, P.O. Box 1029",Kotzebue,AK,99752,(907) 442-3890,(907) 442-8316,66.898684,-162.599068
lach,North Cascades National Park Service Complex,"North Cascades National Park Complex, 810 State Route 20",Sedro-Woolley,WA,98284,(360) 854-7200,(360) 856-1934,48.5109531,-122.2275204
NOCO,North Country National Scenic Trail,700 Rayovac Dr. Suite 100,Madison,Wisconsin,53711,,(608) 441-5606,43.049044,-89.491477
NORG,Northern Rio Grande National Heritage Area,PO BOX 610,Espa&ntilde;ola,NM,87532,,,35.98847,-106.087949
OBED,Obed Wild & Scenic River,"Obed Wild and Scenic River, P.O. Box 429",Wartburg,TN,37887,(423) 346-6294 ,(423) 346-3362,36.0761546,-84.6505281
ocmu,Ocmulgee National Monument,"Ocmulgee National Monument, 1207 Emery Highway",Macon,GA,31217,,(478) 752-8259,32.8483695,-83.6034314
OKCI,Oklahoma City National Memorial,PO Box 676,Oklahoma City,OK,73101,(405) 609-8855 ,(405) 609-8863,35.47,-97.52
olsp,Old Spanish National Historic Trail,"National Trails Intermountain Region, PO Box 728",Santa Fe,New Mexico,87504-0728 ,(505) 988-6098 ,(505) 986-5214,35.689361,-105.933751
OREG,Oregon National Historic Trail,"National Park Service, 324 S. State St., Suite 200",Salt Lake City,UT,84111,(801) 741-1012 ,(801) 741-1102,40.7620689,-111.888922
orpi,Organ Pipe Cactus National Monument,"Organ Pipe Cactus National Monument, 10 Organ Pipe Drive",Ajo,AZ,85321,(520) 387-6849 ext. 7302,,32.229742,-112.883295
OVVI,Overmountain Victory National Historic Trail,"Superintendent, 2635 Park Road",Blacksburg,SC,29702,,(864) 936-3477,35.078017,-81.395068
OXHI,Oxon Cove Park & Oxon Hill Farm,1900 Anacostia Dr. S.W.,Washington,DC,20020,(301) 839-1176 ,(301) 763-1066,38.8681082,-76.9953624
OZAR,Ozark National Scenic Riverways,"Ozark National Scenic Riverways, P.O. Box 490",Van Buren,MO,63965,,(573) 323-4140,36.9202916,-90.9045238
PAIS,Padre Island National Seashore,"Malaquite Visitor Center, PO Box 181300",Corpus Christi,TX,78480-1300 ,(361) 949-8068 ,(361) 949-9951,27.577099,-97.230383
PAAL,Palo Alto Battlefield National Historical Park,"1623 Central Boulevard, Suite 213",Brownsville,Texas,78520-8326 ,(956) 541-2785 ,(956) 541-6356,25.927065,-97.511873
usar,Park News,"Superintendent, 1 Arizona Memorial Place",Honolulu,Hawaii,96818-3145 ,(808) 422-3300 ,(808) 483-8608,21.366479,-157.93779
peri,Pea Ridge National Military Park,"Pea Ridge NMP, 15930 E Highway 62",Garfield,AR,72732,,(479) 451-0219,36.442602,-94.025976
PECO,Pecos National Historical Park,"Superintendent, Pecos National Historical Park PO Box 418",Pecos,New Mexico,87552,(505) 757-7200,(505) 757-7207,35.548124,-105.682312
PEVI,Perrys Victory and International Peace Memorial,"Perry's Victory and International Peace Memorial, Post Office Box 549",Put-in-Bay,Ohio,43456,(419) 285-2184 ,(419) 285-2516,41.654125,-82.811077
pefo,Petrified Forest National Park,"Superintendent, Petrified Forest National Park, PO Box 2217",Petrified Forest,AZ,86028,,(928) 524-3567,34.90999,-109.806792
PETR,Petroglyph National Monument,"Petroglyph National Monument, 6001 Unser Blvd, NW",Albuquerque,New Mexico,87120,,(505) 899-0207,35.161624,-106.719073
PIRO,Pictured Rocks National Lakeshore,"Pictured Rocks National Lakeshore, P.O. Box 40",Munising,Michigan,49862-0040 ,(906) 387-3700,(906) 387-4025,46.5178371,-86.4090096
PINE,Pinelands National Reserve,"New Jersey Pinelands Commission, 15 Springfield Rd (P.O. Box 7)",New Lisbon,NJ,08064,(609) 894-7300 ,(609) 894-7330,39.9654592,-74.6287556
pinn,Pinnacles National Monument,"Pinnacles National Monument, 5000 Highway 146",Paicines,CA,95043-9762 ,(831) 389-4485 ,(831) 389-4489,36.4869826,-121.2135701
pisp,Pipe Spring National Monument,"Pipe Spring National Monument, HC 65 Box 5",Fredonia,Arizona,86022,,,36.862928,-112.740538
pore,Point Reyes National Seashore,"Point Reyes National Seashore, 1 Bear Valley Rd.",Point Reyes Station,CA,94956,,(415) 663-8132,38.04195,-122.7888848
poex,Pony Express National Historic Trail,"National Park Service, 324 S. State St., Suite 200",Salt Lake City,UT,84111,(801) 741-1012 ,(801) 741-1102,40.7620689,-111.888922
poch,Port Chicago Naval Magazine National Memorial,"Port Chicago Naval Magazine NM, 4202 Alhambra Ave.",Martinez,CA,94553,,(925) 838-9471,37.9921651,-122.130977
POHE,Potomac Heritage National Scenic Trail,"Potomac Heritage National Scenic Trail Office, Post Office Box B",Harpers Ferry,WV,25425,,,39.342873,-77.483886
POPO,Poverty Point National Monument,"Poverty Point State Historic Site, P.O. Box 276",Epps,LA,71237,(888) 926-5492,,32.63679,-91.405532
puho,Pu`uhonua o Honaunau National Historical Park,Pu‘uhonua o Honaunau National Historical Park,Captain Cook,HI,96704,,(808) 328-8251 ,19.4173278,-155.9080889
puhe,Pu'ukohola Heiau National Historic Site,"Superintendent, 62-3601 Kawaihae Road",Kawaihae,HI,96743,,(808) 882-4610,20.027026,-155.819965
RABR,Rainbow Bridge National Monument,"Rainbow Bridge NM, PO Box 1507",Page,Arizona,86040,,(928) 608-6259,36.894948,-111.473479
redw,Redwood National and State Parks,"Redwood National & State Parks, 1111 Second Street",Crescent City,California,95531,(707) 464-6101 ,(707) 464-1812,41.753421,-124.194538
rigr,Rio Grande Wild & Scenic River,"Rio Grande Wild & Scenic River c/o Big Bend National Park, PO Box 129",Big Bend National Park,TX,79834,(432) 477-2251,(432) 477-1175,29.328389,-103.205948
romo,Rocky Mountain National Park,"Rocky Mountain National Park, 1000 Highway 36",Estes Park,Colorado,80517,,,40.3753949,-105.5059499
ROWI,Roger Williams National Memorial,"Roger Williams National Memorial, 282 North Main Street",Providence,RI,02903,(401) 521-7266 ,(401) 521-7239,41.831347,-71.410749
ROCA,Roosevelt Campobello International Park,"Executive Secretary, P.O. Box 97",Lubec,Maine,04652,(506) 752-2922 ,(506) 752-6000,44.858509,-66.984178
rori,Rosie the Riveter / WWII Home Front National Historical Park,"PO Box 336, Station A",Richmond,CA,94804,,(510) 232-5504,37.9338362,-122.3442547
ruca,Russell Cave National Monument,"Russell Cave National Monument, 3729 County Road 98",Bridgeport,Alabama,35740,,(256) 495-9220,34.9807721,-85.8063291
SAHI,Sagamore Hill American National Historic Site,20 Sagamore Hill Road,Oyster Bay,New York,11771,(516) 922-4788 ,(516) 922-4792,40.882588,-73.5053767
sagu,Saguaro National Park,"Saguaro National Park, 3693 South Old Spanish Trail",Tucson,Arizona,85730,,(520) 733-5183,32.1792142,-110.738004
SACR,Saint Croix Island International Historic Site,"c/o Acadia National Park, P.O. Box 177",Bar Harbor,ME,04609-0177 ,(207) 454-3871,(207) 288-8813,44.3385559,-68.2733346
sacn,Saint Croix National Scenic Riverway,401 North Hamilton Street,Saint Croix Falls,Wisconsin,54024,(715) 483-2274,(715) 483-3288,45.4171447,-92.6462101
SAPA,Saint Paul's Church National Historic Site,"St. Paul's Church National Historic Site, 897 South Columbus Ave.",Mount Vernon,NY,10550,(914) 667-4116,,40.8933639,-73.8264656
SAGA,Saint-Gaudens National Historic Site,139 Saint-Gaudens Road,Cornish,NH,03745,(603) 675-2175,(603) 675-2701,43.49751,-72.373789
SAMA,Salem Maritime National Historic Site,"Salem Maritime National Historic Site, 160 Derby Street",Salem,MA,01970,(978) 740-1650 ,(978) 740-1685,42.5217765,-70.8862569
SAPU,Salinas Pueblo Missions National Monument,P.O. Box 517,Mountainair,New Mexico,87036,,(505) 847-2441,34.520341,-106.241127
saan,San Antonio Missions National Historical Park,"San Antonio Missions National Historical Park, 2202 Roosevelt Avenue",San Antonio,Texas,78210,,(210) 534-1106,29.381974,-98.482254
safr,San Francisco Maritime National Historical Park,"San Francisco Maritime NHP, Fort Mason Center, Building E",San Francisco,CA,94123,(415) 447-5000,(415) 556-1624,37.804208,-122.431068
SAJU,San Juan National Historic Site,"San Juan NHS, 501 Calle Norzagaray",San Juan,Puerto Rico,00901,,(787) 289-7972,18.468075,-66.115186
sand,Sand Creek Massacre National Historic Site,"PO Box 249, 910 Wansted",Eads,CO,81036,,(719) 438-5410,38.4838305,-102.7857891
safe,Santa Fe National Historic Trail,"National Trails Intermountain Region, PO Box 728",Santa Fe,New Mexico,87504-0728 ,(505) 988-6098 ,(505) 986-5214,35.689361,-105.933751
samo,Santa Monica Mountains National Recreation Area,401 West Hillcrest Drive,Thousand Oaks,CA,91360,,(805) 370-2350,34.1859982,-118.8861188
SARA,Saratoga National Historical Park,648 Route 32,Stillwater,NY,12170,,(518) 664-3349,43.0189449,-73.6456328
SAIR,Saugus Iron Works National Historic Site,244 Central Street,Saugus,MA,01906,,(781) 231-7345,42.468009,-71.008909
SCBL,Scotts Bluff National Monument,P.O. Box 27,Gering,Nebraska,69341,(308) 436-9700 ,(308) 436-7611,41.824167,-103.665
semo,Selma To Montgomery National Historic Trail,"7002 US Highway 80, P.O. Box 595",Hayneville,AL,36040,,(334) 877-1985,32.268672,-86.717968
seki,Sequoia & Kings Canyon National Park,"Sequoia & Kings Canyon National Parks, 47050 Generals Highway",Three Rivers,CA,93271-9700 ,(559) 565-3341,(559) 565-3730,36.491318,-118.825722
SHIL,Shiloh National Military Park,"Shiloh National Military Park, 1055 Pittsburg Landing Road",Shiloh,Tennessee,38376,,(731) 689-5450,35.151883,-88.329943
sitk,Sitka National Historical Park,"Sitka National Historical Park, 103 Monastery Street",Sitka,Alaska,99835,,(907) 747-5938,57.0519805,-135.3315533
SLBE,Sleeping Bear Dunes National Lakeshore,"Sleeping Bear Dunes National Lakeshore, 9922 Front Street",Empire,MI,49630,,(231) 326-5382,44.811405,-86.056252
SPAR,Springfield Armory National Historic Site,"Springfield Armory NHS, One Armory Square, Suite 2",Springfield,Massachusetts,01105-1299 ,(413) 734-8551 ,(413) 747-8062,42.095995,-72.583279
STSP,Star-Spangled Banner National Historic Trail,"National Park Service, 410 Severn Avenue, Suite 314",Annapolis,MD,21403,,(410) 263-2137,38.971705,-76.483576
STLI,Statue of Liberty National Monument,"National Park Service, Statue of Liberty National Monument, Liberty Island",New York,NY,10004-1467 ,(212) 363-3200,(212) 363-6304,40.699067,-74.028522
STEA,Steamtown National Historic Site,"Click the Contact Us link to your left, 150 South Washington Ave",Scranton,PA,18503,(570) 340-5200,,41.406345,-75.6654819
STRI,Stones River National Battlefield,3501 Old Nashville Highway,Murfreesboro,TN,37129,,(615) 893-9508,35.884486,-86.43472
sucr,Sunset Crater Volcano National Monument,"Superintendent, Flagstaff Area National Monuments, 6400 N. Hwy 89",Flagstaff,AZ,86004,,(928) 714-0565,35.238961,-111.570755
TAPR,Tallgrass Prairie National Preserve,"Tallgrass Prairie National Preserve, P.O. Box 585",Cottonwood Falls,KS,66845,(620) 273-8494,(620) 273-6099,38.4426255,-96.5730004
THKO,Thaddeus Kosciuszko National Memorial,"INHP, 143 S. Third Street",Philadelphia,Pennsylvania,19106,(215) 597-7130 ,(215) 597-0321,39.9480134,-75.1461357
THRB,Theodore Roosevelt Birthplace National Historic Site,"Theodore Roosevelt Birthplace NHS, 28 East 20th Street",New York,NY,10003,,,40.7387645,-73.988999
THRI,Theodore Roosevelt Inaugural National Historic Site,"Theodore Roosevelt Inaugural National Historic SIte, 641 Delaware Avenue",Buffalo,NY,14202,,(716) 884-0330,42.901478,-78.872416
THCO,Thomas Cole National Historic Site,"Thomas Cole NHS/Cedar Grove, PO Box 426, 218 Spring St",Catskill,NY,12414,,(518) 943-0652,42.225588,-73.861144
EDIS,Thomas Edison National Historical Park,"Thomas Edison National Historical Park, 211 Main Street",West Orange,New Jersey,07052-5612 ,(973) 736-0550 ext. 11 ,(973) 736-6567,40.7839654,-74.2339497
THST,Thomas Stone National Historic Site,6655 Rose Hill Rd,Port Tobacco,MD,20677,,(301) 934-8793,38.5223783,-77.0285753
TICA,Timpanogos Cave National Monument,R.R. 3 Box 200,American Fork,Utah,84003,,(801) 756-5661,40.371125,-111.806123
foca,Timucuan Ecological and Historic Preserve & Fort Caroline National Memorial,12713 Fort Caroline Road,Jacksonville,Florida,32225,(904) 641-7155,(904) 221-5248,30.3793742,-81.5029008
tont,Tonto National Monument,"Tonto National Monument, 26260 N Az Hwy 188 # 2",Roosevelt,AZ,85545,(928) 467-2241 ,(928) 467-2225,33.66672,-111.1297924
TOSY,Touro Synagogue National Historic Site,"Touro Synagogue Foundation, 85 Touro Street",Newport,RI,02840,,(401) 847-8121,41.489131,-71.312102
trte,Trail of Tears National Historic Trail,"National Trails Intermountain Region, P.O. Box 728",Santa Fe,New Mexico,87504-0728 ,(505) 988-6098 ,(505) 986-5214,35.691543,-105.937406
tule,Tule Lake Unit,"Tule Lake Unit, P.O. Box 1240",Tulelake,CA,96134,(530) 260-0537,,41.9551552,-121.4777694
tuma,Tumacacori National Historical Park,"Superintendent, P. O. Box 8067",Tumac&aacute;cori,Arizona,85640,(520) 398-2341 ,(520) 398-9271,31.57766,-110.999009
TUPE,Tupelo National Battlefield,"Tupelo National Battlefield, 2680 Natchez Trace Parkway",Tupelo,MS,38804,,(662) 680-4034,34.307545,-88.720974
tuai,Tuskegee Airmen National Historic Site,"Tuskegee Airmen NHS, 1616 Chappie James Ave.",Tuskegee,AL,36083,(334) 724-0922,(334) 724-0952,32.4505152,-85.6773793
tuin,Tuskegee Institute National Historic Site,"Tuskegee Institute National Historic Site, 1212 West Montgomery Road",Tuskegee,AL,36083,,(334) 727-4597,32.4283309,-85.7091633
tuzi,Tuzigoot National Monument,"Tuzigoot National Monument, P.O. Box 219",Camp Verde,Arizona,86322,(928) 634-5564,(928) 567-3597,34.5636358,-111.8543178
ULSG,Ulysses S Grant National Historic Site,"Superintendent, 7400 Grant Road",St. Louis,MO,63123,,(314) 842-1659,38.547834,-90.356985
UPDE,Upper Delaware Scenic and Recreational River,"Superintendent, 274 River Road",Beach Lake,PA,18405,(570) 729-7134,(570) 729-7148,41.6199728,-75.0508572
VAFO,Valley Forge National Historical Park,1400 North Outer Line Drive,King of Prussia,PA,19406,,(610) 783-1060,40.095596,-75.423987
VAMA,Vanderbilt Mansion National Historic Site,"National Park Service, 4097 Albany Post Road",Hyde Park,New York,12538,,,41.77043,-73.932905
VICK,Vicksburg National Military Park,"Vicksburg National Military Park, 3201 Clay Street",Vicksburg,Mississippi,39183,(601) 636-0583 ,(601) 636-9497,32.345551,-90.855577
VIIS,Virgin Islands National Park,"Virgin Islands National Park, 1300 Cruz Bay Creek",St. John,VI,00830,(340) 776-6201 ext. 238 ,(340) 775-9592,18.34215,-64.767569
VOYA,Voyageurs National Park,"Voyageurs National Park, 360 Highway 11 East",International Falls,Minnesota,56649,,(218) 285-7407,48.6020835,-93.403716
waca,Walnut Canyon National Monument,"Superintendent, Flagstaff Area National Monuments, 6400 N. Hwy 89",Flagstaff,AZ,86004,,(928) 527-0246,35.238961,-111.570755
wapa,War in the Pacific National Historical Park,"Superintendent, 135 Murray Boulevard",Hag&aring;t&ntilde;a,Guam,96910,,,13.44645,144.786636
wefa,Weir Farm National Historic Site,"Weir Farm NHS, 735 Nod Hill Road",Wilton,CT,06897,(203) 834-1896 ,(203) 834-2421,41.2566156,-73.4562524
whis,Whiskeytown National Recreational Area,"P.O. Box 188, 14412 Kennedy Memorial Drive",Whiskeytown,CA,96095-0188 ,,(530) 246-5154,40.612879,-122.573041
WHSA,White Sands National Monument,"White Sands National Monument, PO Box 1086",Holloman AFB,NM,88330,,,32.7696209,-106.3182956
WIHO,William Howard Taft National Historic Site,"William Howard Taft National Historic Site, 2038 Auburn Ave.",Cincinnati,Ohio,45219,(513) 684-3262 ext. 201,(513) 684-3627,39.119518,-84.508156
WORI,Women's Rights National Historical Park,"Superintendent, 136 Fall Street",Seneca Falls,New York,13148,(315) 568-0024,(315) 568-2141,42.9106968,-76.8001038
wrst,Wrangell-St. Elias National Park & Preserve,"Wrangell-St. Elias National Park, PO Box 439",Copper Center,AK,99573,,(907) 822-7216,61.5614999,-143.8523096
WRBR,Wright Brothers National Memorial,"Wright Brothers National Memorial, 1401 National Park Drive",Manteo,North Carolina,27954,(252) 441-7430 ,(252) 473-2595,35.938547,-75.712322
wupa,Wupatki National Monument,"Superintendent, Flagstaff Area National Monuments, 6400 N. Hwy 89",Flagstaff,AZ,86004,,(928) 679-2349,35.238961,-111.570755
YELL,Yellowstone National Park,P.O. Box 168,Yellowstone National Park,WY,82190-0168 ,(307) 344-7381,(307) 344-2014,44.462085,-110.642441
yose,Yosemite National Park,PO Box 577,Yosemite National Park,CA,95389,(209) 372-0200,,37.7189997,-119.5571677
yuho,Yucca House National Monument,"c/o Mesa Verde National Park, P.O. Box 8",Mesa Verde,Colorado,81330,(970) 529-4465 ,(970) 529-4637,37.16748,-108.525539
yuch,Yukon Charley Rivers National Preserve,"Eagle Visitor Center, P.O. Box 167",Eagle,AK,99738,(907) 547-2233 ,(907) 547-2247,64.78943,-141.202849
ZION,Zion National Park,Zion National Park,Springdale,Utah,84767,,(435) 772-3426,37.240801,-112.941626
,,,,,,,,,
,,,,,,,,,
